<Ui xmlns='http://www.blizzard.com/wow/ui/'>
	<Script file='AltPower.lua'/>
	<Script file='AuraBars.lua'/>
	<Script file='Auras.lua'/>
	<Script file='AuraHighlight.lua'/>
	<Script file='BuffIndicator.lua'/>
	<Script file='CastBar.lua'/>
	<Script file='ClassBars.lua'/>
	<Script file='CombatIndicator.lua'/>
	<Script file='CustomText.lua'/>
	<Script file='Cutaway.lua'/>
	<Script file='HealPrediction.lua'/>
	<Script file='Health.lua'/>
	<Script file='InfoPanel.lua'/>
	<Script file='Name.lua'/>
	<Script file='PhaseIndicator.lua'/>
	<Script file='PartyIndicator.lua'/>
	<Script file='Portrait.lua'/>
	<Script file='Power.lua'/>
	<Script file='PowerPrediction.lua'/>
	<Script file='PVPIcon.lua'/>
	<Script file='PVPClassificationIndicator.lua'/>
	<Script file='PVPIndicator.lua'/>
	<Script file='PVPSpecIcon.lua'/>
	<Script file='RaidDebuffs.lua'/>
	<Script file='RaidIcon.lua'/>
	<Script file='RaidRoleIcons.lua'/>
	<Script file='Range.lua'/>
	<Script file='ReadyCheckIcon.lua'/>
	<Script file='RestingIndicator.lua'/>
	<Script file='ResurrectionIcon.lua'/>
	<Script file='SummonIndicator.lua'/>
	<Script file='RoleIcons.lua'/>
	<Script file='FrameGlow.lua'/>
	<Script file='Threat.lua'/>
	<Script file='Trinket.lua'/>
</Ui>
